<?xml version="1.0" encoding="UTF-8"?>
<project-private xmlns="http://www.netbeans.org/ns/project-private/1">
    <editor-bookmarks xmlns="http://www.netbeans.org/ns/editor-bookmarks/2" lastBookmarkId="0"/>
    <open-files xmlns="http://www.netbeans.org/ns/projectui-open-files/2">
        <group>
            <file>file:/E:/Laboratorio/Lab-version-ultimate/Lab%20version%20ultimate/src/lab/restaurante/Vista/ResumenVentas.java</file>
            <file>file:/E:/Laboratorio/Lab-version-ultimate/Lab%20version%20ultimate/src/lab/restaurante/Vista/NoHabia.java</file>
            <file>file:/E:/Laboratorio/Lab-version-ultimate/Lab%20version%20ultimate/src/lab/restaurante/Vista/PlatosjFrame.java</file>
            <file>file:/E:/Laboratorio/Lab-version-ultimate/Lab%20version%20ultimate/src/lab/restaurante/Vista/ConsultasjFrame.java</file>
            <file>file:/E:/Laboratorio/Lab-version-ultimate/Lab%20version%20ultimate/src/lab/restaurante/Vista/Meseros.java</file>
            <file>file:/E:/Laboratorio/Lab-version-ultimate/Lab%20version%20ultimate/src/lab/restaurante/Vista/AprovisionamientojFrame.java</file>
            <file>file:/E:/Laboratorio/Lab-version-ultimate/Lab%20version%20ultimate/src/lab/restaurante/Vista/GestionDePlatojFrame.java</file>
            <file>file:/E:/Laboratorio/Lab-version-ultimate/Lab%20version%20ultimate/src/lab/restaurante/modelo/Carga_postres.java</file>
            <file>file:/E:/Laboratorio/Lab-version-ultimate/Lab%20version%20ultimate/src/lab/restaurante/Vista/Actualizar_inventario.java</file>
            <file>file:/E:/Laboratorio/Lab-version-ultimate/Lab%20version%20ultimate/src/lab/restaurante/Vista/CocineroJFrame.java</file>
            <file>file:/E:/Laboratorio/Lab-version-ultimate/Lab%20version%20ultimate/src/lab/restaurante/Vista/GestionDeCocinajFrame.java</file>
            <file>file:/E:/Laboratorio/Lab-version-ultimate/Lab%20version%20ultimate/src/lab/restaurante/Vista/ResumenFactura.java</file>
        </group>
    </open-files>
</project-private>
